Date,Description,Amount,Ground_Truth_Category
2026-01-01 12:00:00,CIRCLE K,-1717996,Shopping
2026-01-01 12:52:00,NAP TIEN MOMO,-1558892,Transfer
2026-01-01 22:08:00,BEE,-1439846,Transport
2026-01-02 07:27:00,RUT TIEN ATM,-1087547,Transfer
2026-01-02 14:20:00,KFC,-382473,Food & Dining
2026-01-02 15:14:00,THANH TOAN TIEN DIEN 4251,-1849148,Utilities
2026-01-02 21:05:00,CIRCLE K,-1399081,Shopping
2026-01-02 22:28:00,FPT TELECOM,-679185,Utilities
2026-01-03 09:08:00,TRA LUONG THANG,18138029,Salary
2026-01-03 10:49:00,MBBANK TRANSFER,-935608,Transfer
2026-01-03 12:28:00,XANH SM,-789547,Transport
2026-01-03 16:43:00,GS25,-1306368,Shopping
2026-01-04 08:07:00,RUT TIEN ATM,-563608,Transfer
2026-01-04 10:59:00,NETFLIX,-1238612,Entertainment
2026-01-04 11:13:00,PHUC LONG,-1173089,Food & Dining
2026-01-04 12:42:00,RUT TIEN ATM,-1975415,Transfer
2026-01-04 13:01:00,STEAM,-1002304,Entertainment
2026-01-04 15:07:00,VIETTEL,-511268,Utilities
2026-01-04 17:47:00,THUONG QUY,27746899,Salary
2026-01-05 08:32:00,ZARA 6378,-146872,Shopping
2026-01-05 09:51:00,THANH TOAN TIEN DIEN,-1950765,Utilities
2026-01-05 12:11:00,BENH VIEN,-1080058,Health
2026-01-05 13:39:00,CTY THANH TOAN LƯƠNG,24546426,Salary
2026-01-05 16:53:00,CHUYEN KHOAN,-1596983,Transfer
2026-01-05 17:46:00,H&M,-601532,Shopping
2026-01-05 20:09:00,PHARMACITY 3528,-1593921,Health
2026-01-05 20:55:00,HIGHLANDS COFFEE,-117919,Food & Dining
2026-01-06 12:43:00,VINMART,-1003384,Shopping
2026-01-06 12:56:00,CTY THANH TOAN LƯƠNG,17886880,Salary
2026-01-06 16:26:00,TIKTOK,-1109225,Entertainment
2026-01-06 22:44:00,VNPT INTERNET,-113796,Utilities
2026-01-07 07:57:00,CTY THANH TOAN LƯƠNG,23394444,Salary
2026-01-07 09:16:00,SALARY,15167775,Salary
2026-01-07 14:09:00,THUONG QUY 5682,29561790,Salary
2026-01-07 14:10:00,MBBANK TRANSFER,-642067,Transfer
2026-01-07 21:19:00,CTY THANH TOAN LƯƠNG,28131962,Salary
2026-01-08 07:54:00,TIKTOK,-319556,Entertainment
2026-01-08 17:58:00,GRABFOOD,-216039,Food & Dining
2026-01-09 07:18:00,SPOTIFY,-1264789,Entertainment
2026-01-09 08:43:00,CTY THANH TOAN LƯƠNG,14014034,Salary
2026-01-09 10:00:00,SALARY,10512429,Salary
2026-01-09 16:29:00,NHA HANG,-1359329,Food & Dining
2026-01-09 19:11:00,CHUYEN KHOAN,-1272474,Transfer
2026-01-10 09:30:00,NAP TIEN MOMO,-481506,Transfer
2026-01-10 09:54:00,ZALOPAY,-1774809,Transfer
2026-01-10 17:53:00,TIKTOK,-1104535,Entertainment
2026-01-11 14:57:00,SPOTIFY,-627031,Entertainment
2026-01-11 17:08:00,CHUYEN TIEN CHO,-1626473,Transfer
2026-01-11 18:04:00,BENH VIEN,-822398,Health
2026-01-11 18:54:00,VNPT INTERNET,-981357,Utilities
2026-01-11 21:06:00,MBBANK TRANSFER,-302566,Transfer
2026-01-12 09:16:00,NETFLIX,-1285590,Entertainment
2026-01-12 09:22:00,SPOTIFY,-941462,Entertainment
2026-01-12 11:37:00,STEAM,-1951859,Entertainment
2026-01-12 13:56:00,FPT TELECOM,-362157,Utilities
2026-01-12 16:19:00,GS25,-477020,Shopping
2026-01-12 16:26:00,STEAM,-174014,Entertainment
2026-01-12 18:42:00,LONG CHAU,-305191,Health
2026-01-13 07:32:00,TIKTOK 9691,-1728234,Entertainment
2026-01-13 07:48:00,THUONG QUY 7167,11994618,Salary
2026-01-13 08:08:00,SHOPEE VN 4547,-892316,Shopping
2026-01-13 10:43:00,THANH TOAN TIEN DIEN,-28888,Utilities
2026-01-13 13:47:00,GS25,-390816,Shopping
2026-01-13 16:30:00,NETFLIX,-787580,Entertainment
2026-01-13 21:16:00,ZALOPAY,-1025396,Transfer
2026-01-14 07:50:00,NHA KHOA,-950526,Health
2026-01-14 12:17:00,XANH SM,-1729807,Transport
2026-01-14 13:32:00,PHARMACITY,-540239,Health
2026-01-14 14:17:00,BENH VIEN,-996316,Health
2026-01-14 16:03:00,VINMART,-224888,Shopping
2026-01-14 16:09:00,STEAM,-1802132,Entertainment
2026-01-14 20:15:00,TIEN NUOC WACO,-204365,Utilities
2026-01-14 20:34:00,XANH SM,-38086,Transport
2026-01-14 21:08:00,TIKI,-346631,Shopping
2026-01-14 21:13:00,LONG CHAU 5164,-152222,Health
2026-01-14 21:24:00,ZALOPAY,-155275,Transfer
2026-01-14 22:33:00,VIETTEL,-522432,Utilities
2026-01-15 12:41:00,SPOTIFY,-1808035,Entertainment
2026-01-15 15:04:00,NHA KHOA,-1321452,Health
2026-01-15 17:28:00,CTY THANH TOAN LƯƠNG,10969840,Salary
2026-01-15 17:36:00,ZALOPAY,-509982,Transfer
2026-01-16 08:10:00,SPOTIFY,-1053864,Entertainment
2026-01-16 12:24:00,MBBANK TRANSFER,-1326637,Transfer
2026-01-16 16:24:00,SHOPEE VN,-635385,Shopping
2026-01-16 19:00:00,GRABBIKE,-1296275,Transport
2026-01-16 21:35:00,NETFLIX,-1141012,Entertainment
2026-01-16 21:50:00,COMECO,-933854,Transport
2026-01-17 08:45:00,BENH VIEN,-1035482,Health
2026-01-17 11:51:00,PHARMACITY,-939563,Health
2026-01-17 12:37:00,NAP TIEN MOMO,-1169008,Transfer
2026-01-17 14:04:00,PHARMACITY 2372,-1660863,Health
2026-01-17 14:44:00,TRA LUONG THANG 8300,25190957,Salary
2026-01-17 15:00:00,MOBIFONE,-355271,Utilities
2026-01-17 17:07:00,H&M,-1164285,Shopping
2026-01-17 20:51:00,MBBANK TRANSFER,-604611,Transfer
2026-01-17 22:20:00,CTY THANH TOAN LƯƠNG,15580450,Salary
2026-01-18 07:39:00,CHUYEN TIEN CHO,-1204452,Transfer
2026-01-18 09:41:00,RUT TIEN ATM,-53335,Transfer
2026-01-18 12:40:00,CHUYEN TIEN CHO,-1378647,Transfer
2026-01-18 12:43:00,KFC,-205920,Food & Dining
2026-01-18 13:58:00,THANH TOAN TIEN DIEN,-521749,Utilities
2026-01-18 14:28:00,SHOPEEFOOD,-852241,Food & Dining
2026-01-18 18:01:00,TRA LUONG THANG,21248285,Salary
2026-01-18 22:21:00,CTY THANH TOAN LƯƠNG,19894859,Salary
2026-01-19 10:35:00,PHARMACITY,-1232750,Health
2026-01-19 10:43:00,RUT TIEN ATM,-1129071,Transfer
2026-01-19 12:09:00,FAMILY MART,-624673,Shopping
2026-01-19 12:39:00,MOBIFONE,-880957,Utilities
2026-01-19 14:18:00,LONG CHAU 2989,-336561,Health
2026-01-19 16:42:00,XANH SM,-229089,Transport
2026-01-19 20:17:00,STARBUCKS 8384,-357873,Food & Dining
2026-01-19 20:34:00,SALARY,17221215,Salary
2026-01-19 22:04:00,HIGHLANDS COFFEE 2927,-292165,Food & Dining
2026-01-20 13:55:00,SALARY,10504065,Salary
2026-01-20 22:45:00,VINMART,-1756444,Shopping
2026-01-21 12:10:00,CHUYEN TIEN CHO,-400917,Transfer
2026-01-21 12:32:00,CHUYEN TIEN CHO 8652,-116092,Transfer
2026-01-22 08:52:00,COM TAM,-1576811,Food & Dining
2026-01-22 09:47:00,GS25,-1637750,Shopping
2026-01-22 12:33:00,SHOPEE VN,-423030,Shopping
2026-01-22 16:34:00,COM TAM,-706555,Food & Dining
2026-01-22 19:21:00,CGV CINEMAS,-1913949,Entertainment
2026-01-22 22:24:00,CGV CINEMAS,-1624023,Entertainment
2026-01-23 08:11:00,VETC,-1820427,Transport
2026-01-23 08:20:00,MOBIFONE,-24020,Utilities
2026-01-23 08:25:00,VIETTEL,-1155759,Utilities
2026-01-23 11:05:00,BENH VIEN,-1266565,Health
2026-01-23 14:05:00,SPOTIFY,-1534946,Entertainment
2026-01-24 07:13:00,STARBUCKS 8449,-1867816,Food & Dining
2026-01-24 09:06:00,STARBUCKS,-1598810,Food & Dining
2026-01-24 09:47:00,ZALOPAY,-1170161,Transfer
2026-01-24 10:27:00,THANH TOAN TIEN DIEN 5890,-365541,Utilities
2026-01-24 17:03:00,LONG CHAU,-143570,Health
2026-01-24 19:11:00,ZALOPAY,-1570954,Transfer
2026-01-24 22:33:00,PHUC LONG,-1546715,Food & Dining
2026-01-25 07:08:00,NHA HANG,-639002,Food & Dining
2026-01-25 07:11:00,HIGHLANDS COFFEE,-1357887,Food & Dining
2026-01-25 10:18:00,CHUYEN TIEN CHO,-35878,Transfer
2026-01-25 11:50:00,RUT TIEN ATM,-147416,Transfer
2026-01-25 14:27:00,TIEN NUOC WACO,-997308,Utilities
2026-01-25 21:44:00,HIGHLANDS COFFEE,-231837,Food & Dining
2026-01-26 07:25:00,RUT TIEN ATM 1312,-1520111,Transfer
2026-01-26 14:22:00,STEAM,-1643432,Entertainment
2026-01-26 15:36:00,MOBIFONE,-352628,Utilities
2026-01-26 16:08:00,LONG CHAU,-1589326,Health
2026-01-26 19:15:00,SHOPEEFOOD,-710400,Food & Dining
2026-01-27 11:31:00,GS25,-1213701,Shopping
2026-01-27 14:17:00,VNPT INTERNET,-337992,Utilities
2026-01-27 19:41:00,NETFLIX,-1248481,Entertainment
2026-01-27 19:44:00,GALAXY CINEMA,-1143867,Entertainment
2026-01-27 22:00:00,MOBIFONE,-1332976,Utilities
2026-01-27 22:54:00,VINMART,-907061,Shopping
2026-01-28 08:17:00,THUONG QUY,24831741,Salary
2026-01-28 08:31:00,Lotteria,-1670591,Food & Dining
2026-01-28 08:47:00,COMECO,-1915145,Transport
2026-01-28 09:25:00,CHUYEN KHOAN,-309638,Transfer
2026-01-28 11:35:00,GRABCAR,-1925760,Transport
2026-01-28 16:06:00,CTY THANH TOAN LƯƠNG,27794131,Salary
2026-01-28 20:36:00,H&M,-1433931,Shopping
2026-01-29 07:58:00,CHUYEN KHOAN,-821526,Transfer
2026-01-29 08:52:00,CTY THANH TOAN LƯƠNG,23609238,Salary
2026-01-29 13:03:00,PHARMACITY,-940093,Health
2026-01-29 18:51:00,GRABBIKE,-555435,Transport
2026-01-29 18:54:00,TIKTOK,-1073318,Entertainment
2026-01-30 10:34:00,NAP TIEN MOMO,-1712769,Transfer
2026-01-30 12:36:00,TIKTOK 5255,-848930,Entertainment
2026-01-30 13:24:00,LONG CHAU,-1462235,Health
2026-01-30 13:38:00,CTY THANH TOAN LƯƠNG,11452868,Salary
2026-01-30 15:19:00,PHUC LONG,-1370091,Food & Dining
2026-01-30 16:47:00,GRABFOOD,-1824846,Food & Dining
2026-01-30 16:57:00,TIKI,-1941587,Shopping
2026-01-30 21:13:00,CTY THANH TOAN LƯƠNG,25090022,Salary
2026-01-31 11:58:00,NHA KHOA,-307943,Health
2026-01-31 12:06:00,LONG CHAU,-124768,Health
2026-01-31 13:23:00,CGV CINEMAS,-1147570,Entertainment
2026-01-31 14:23:00,VIETTEL,-831211,Utilities
2026-01-31 14:55:00,CIRCLE K,-1146084,Shopping
2026-02-01 10:23:00,VNPT INTERNET,-35559,Utilities
2026-02-01 14:09:00,TRA LUONG THANG,18182827,Salary
2026-02-01 14:24:00,SHOPEEFOOD 3269,-1335288,Food & Dining
2026-02-01 18:34:00,THUONG QUY,27853159,Salary
2026-02-01 19:05:00,TRA LUONG THANG,19564549,Salary
2026-02-01 21:05:00,TIEN NUOC WACO,-1634783,Utilities
2026-02-01 21:37:00,FAMILY MART,-1715307,Shopping
2026-02-01 22:20:00,GRABBIKE,-191697,Transport
2026-02-01 22:29:00,NETFLIX 9747,-217239,Entertainment
2026-02-01 22:47:00,GRABCAR,-1710217,Transport
2026-02-02 08:08:00,NHA HANG,-1785036,Food & Dining
2026-02-02 13:59:00,NHA KHOA,-108372,Health
2026-02-02 16:45:00,FAMILY MART 9177,-1116017,Shopping
2026-02-02 17:07:00,TIKTOK,-1166759,Entertainment
2026-02-02 17:59:00,TRA LUONG THANG 9560,29446365,Salary
2026-02-02 20:07:00,RUT TIEN ATM,-1786308,Transfer
2026-02-03 07:41:00,SALARY,14564857,Salary
2026-02-03 09:36:00,BEE,-940517,Transport
2026-02-03 09:37:00,LONG CHAU,-739992,Health
2026-02-03 12:02:00,THANH TOAN TIEN DIEN 9347,-1596823,Utilities
2026-02-03 16:58:00,CTY THANH TOAN LƯƠNG,25289062,Salary
2026-02-04 08:59:00,CTY THANH TOAN LƯƠNG,19828146,Salary
2026-02-04 11:47:00,LONG CHAU,-272662,Health
2026-02-04 12:29:00,SHOPEEFOOD,-1431673,Food & Dining
2026-02-04 14:17:00,NETFLIX 2106,-1721712,Entertainment
2026-02-04 15:38:00,SHOPEEFOOD,-306503,Food & Dining
2026-02-04 16:05:00,ZALOPAY,-415384,Transfer
2026-02-04 19:21:00,SHOPEE VN,-1193942,Shopping
2026-02-04 21:00:00,PHARMACITY,-1244219,Health
2026-02-04 21:34:00,CIRCLE K,-1407826,Shopping
2026-02-04 22:21:00,H&M,-514760,Shopping
2026-02-05 13:52:00,VEXERE,-411011,Transport
2026-02-05 14:53:00,H&M,-502438,Shopping
2026-02-05 15:01:00,MBBANK TRANSFER,-1205272,Transfer
2026-02-05 15:18:00,VEXERE,-1403153,Transport
2026-02-05 16:20:00,THUONG QUY 8823,21823919,Salary
2026-02-05 18:04:00,STEAM,-701124,Entertainment
2026-02-05 19:25:00,GALAXY CINEMA,-232493,Entertainment
2026-02-06 07:27:00,COM TAM,-1881080,Food & Dining
2026-02-06 08:20:00,KFC,-1420974,Food & Dining
2026-02-06 11:47:00,NETFLIX,-1486397,Entertainment
2026-02-06 13:34:00,ZARA,-1182946,Shopping
2026-02-06 15:42:00,GRABFOOD,-1155116,Food & Dining
2026-02-06 22:21:00,TRA LUONG THANG,24208100,Salary
2026-02-07 09:40:00,KFC,-321556,Food & Dining
2026-02-07 19:13:00,MBBANK TRANSFER,-1833775,Transfer
2026-02-07 20:12:00,TIEN NUOC WACO,-1218817,Utilities
2026-02-08 08:57:00,LAZADA,-1631997,Shopping
2026-02-08 10:14:00,H&M,-1887834,Shopping
2026-02-08 13:16:00,PHUC LONG,-389518,Food & Dining
2026-02-08 19:07:00,TIEN NUOC WACO,-498206,Utilities
2026-02-08 19:47:00,THUONG QUY,13012039,Salary
2026-02-08 20:10:00,HIGHLANDS COFFEE,-306825,Food & Dining
2026-02-09 08:45:00,XANH SM,-1127927,Transport
2026-02-09 13:04:00,SALARY,14624976,Salary
2026-02-09 14:38:00,VIETTEL,-293746,Utilities
2026-02-09 14:47:00,PHARMACITY,-1901363,Health
2026-02-09 15:10:00,VNPT INTERNET,-809590,Utilities
2026-02-09 16:38:00,PHUC LONG,-174704,Food & Dining
2026-02-09 18:42:00,VNPT INTERNET 5379,-142520,Utilities
2026-02-09 22:18:00,VIETTEL,-990028,Utilities
2026-02-10 09:48:00,TRA LUONG THANG,13187672,Salary
2026-02-10 10:05:00,NHA HANG,-627378,Food & Dining
2026-02-10 22:39:00,NHA KHOA,-234528,Health
2026-02-11 15:38:00,COMECO,-202125,Transport
2026-02-11 17:53:00,MOBIFONE,-451163,Utilities
2026-02-11 19:31:00,ZALOPAY,-806642,Transfer
2026-02-11 21:43:00,CTY THANH TOAN LƯƠNG,22114621,Salary
2026-02-12 11:34:00,PHUC LONG,-1038269,Food & Dining
2026-02-12 15:29:00,BENH VIEN,-1169339,Health
2026-02-12 17:41:00,GALAXY CINEMA,-740326,Entertainment
2026-02-12 18:12:00,CHUYEN TIEN CHO,-1354954,Transfer
2026-02-12 18:54:00,TIEN NUOC WACO,-1675657,Utilities
2026-02-12 22:13:00,TRA LUONG THANG,19251345,Salary
2026-02-13 07:05:00,MOBIFONE,-1710913,Utilities
2026-02-13 21:54:00,NETFLIX,-1644862,Entertainment
2026-02-13 22:50:00,TIEN NUOC WACO,-670670,Utilities
2026-02-14 15:19:00,RUT TIEN ATM,-1961043,Transfer
2026-02-14 17:03:00,NAP TIEN MOMO,-1228258,Transfer
2026-02-14 20:45:00,TIKI,-1953020,Shopping
2026-02-14 22:16:00,NHA KHOA,-491009,Health
2026-02-15 08:31:00,NHA KHOA,-138283,Health
2026-02-15 09:38:00,MOBIFONE,-927695,Utilities
2026-02-15 13:01:00,NHA KHOA,-358682,Health
2026-02-15 13:02:00,FAMILY MART,-1928437,Shopping
2026-02-15 15:38:00,FAMILY MART 2877,-1580046,Shopping
2026-02-15 17:33:00,GALAXY CINEMA,-624447,Entertainment
2026-02-16 07:29:00,VIETTEL,-415192,Utilities
2026-02-16 09:38:00,XANH SM,-1329417,Transport
2026-02-16 10:03:00,TIEN NUOC WACO,-1716669,Utilities
2026-02-16 12:17:00,FPT TELECOM,-91063,Utilities
2026-02-16 13:42:00,PHARMACITY,-1321812,Health
2026-02-16 13:51:00,NAP TIEN MOMO,-1872904,Transfer
2026-02-16 19:00:00,SALARY,13950788,Salary
2026-02-17 16:42:00,NHA KHOA,-896604,Health
2026-02-17 18:04:00,THUONG QUY,27101686,Salary
2026-02-17 18:06:00,VNPT INTERNET,-1826074,Utilities
2026-02-17 20:45:00,SHOPEEFOOD,-142817,Food & Dining
2026-02-18 10:19:00,CIRCLE K,-1755017,Shopping
2026-02-18 13:57:00,XANH SM,-647466,Transport
2026-02-18 21:03:00,VINMART,-1294232,Shopping
2026-02-19 08:29:00,PETROLIMEX,-628060,Transport
2026-02-19 09:11:00,LONG CHAU,-668159,Health
2026-02-19 11:29:00,VINMART,-1512068,Shopping
2026-02-19 13:53:00,SPOTIFY,-34707,Entertainment
2026-02-19 16:50:00,ZALOPAY,-1359161,Transfer
2026-02-19 21:05:00,TRA LUONG THANG,12766146,Salary
2026-02-19 21:10:00,STEAM,-1246885,Entertainment
2026-02-20 08:15:00,KFC,-140111,Food & Dining
2026-02-20 13:45:00,COMECO,-1465971,Transport
2026-02-20 14:45:00,PHARMACITY,-675411,Health
2026-02-20 16:53:00,SHOPEE VN,-1114529,Shopping
2026-02-20 19:13:00,SALARY,19237725,Salary
2026-02-21 07:42:00,NETFLIX,-1685592,Entertainment
2026-02-21 07:51:00,MBBANK TRANSFER,-1623871,Transfer
2026-02-21 08:23:00,XANH SM,-373573,Transport
2026-02-21 12:18:00,TRA LUONG THANG,18854004,Salary
2026-02-21 16:33:00,SPOTIFY,-1671367,Entertainment
2026-02-21 16:46:00,LONG CHAU,-555442,Health
2026-02-21 20:07:00,RUT TIEN ATM,-307578,Transfer
2026-02-21 21:52:00,HIGHLANDS COFFEE,-1950705,Food & Dining
2026-02-21 22:40:00,TIKTOK,-588234,Entertainment
2026-02-22 08:00:00,ZALOPAY,-840693,Transfer
2026-02-22 08:14:00,ZALOPAY,-313979,Transfer
2026-02-22 09:04:00,CTY THANH TOAN LƯƠNG,10351564,Salary
2026-02-22 10:15:00,RUT TIEN ATM,-1138999,Transfer
2026-02-22 10:19:00,PHUC LONG,-411417,Food & Dining
2026-02-22 11:45:00,MBBANK TRANSFER,-862442,Transfer
2026-02-22 12:31:00,SHOPEE VN,-1157612,Shopping
2026-02-22 12:41:00,TIEN NUOC WACO,-1634848,Utilities
2026-02-22 16:44:00,GS25,-898922,Shopping
2026-02-22 16:49:00,LONG CHAU,-216416,Health
2026-02-22 17:24:00,Lotteria,-686648,Food & Dining
2026-02-22 18:21:00,MBBANK TRANSFER,-1959635,Transfer
2026-02-22 19:26:00,TIKTOK,-1648916,Entertainment
2026-02-22 20:51:00,VETC,-419330,Transport
2026-02-22 21:30:00,TRA LUONG THANG,15905022,Salary
2026-02-23 10:26:00,KFC,-82903,Food & Dining
2026-02-23 10:53:00,VEXERE,-144319,Transport
2026-02-23 10:54:00,NHA HANG,-373285,Food & Dining
2026-02-23 12:51:00,NETFLIX,-1284388,Entertainment
2026-02-23 18:50:00,ZARA,-882007,Shopping
2026-02-23 21:59:00,STEAM 2231,-752285,Entertainment
2026-02-24 09:13:00,ZALOPAY,-1516892,Transfer
2026-02-24 15:46:00,VNPT INTERNET,-1954617,Utilities
2026-02-24 17:54:00,FPT TELECOM,-1931948,Utilities
2026-02-24 20:45:00,TRA LUONG THANG,24537188,Salary
2026-02-24 22:33:00,GRABCAR,-1250811,Transport
2026-02-25 07:43:00,SALARY,21605964,Salary
2026-02-25 10:20:00,SALARY,19512359,Salary
2026-02-25 12:19:00,STARBUCKS,-36437,Food & Dining
2026-02-25 12:35:00,CGV CINEMAS,-1786162,Entertainment
2026-02-25 15:59:00,NETFLIX,-99689,Entertainment
2026-02-25 18:46:00,NAP TIEN MOMO,-1384863,Transfer
2026-02-25 20:48:00,GS25,-431616,Shopping
2026-02-25 22:33:00,VIETTEL,-562357,Utilities
2026-02-26 07:21:00,NETFLIX,-660470,Entertainment
2026-02-26 07:37:00,SALARY 2336,18082993,Salary
2026-02-26 09:01:00,NHA KHOA,-1965575,Health
2026-02-26 09:43:00,GALAXY CINEMA,-213036,Entertainment
2026-02-26 11:42:00,RUT TIEN ATM,-636998,Transfer
2026-02-26 17:17:00,STEAM,-761503,Entertainment
2026-02-26 19:08:00,VNPT INTERNET,-105641,Utilities
2026-02-27 09:46:00,SALARY,11082232,Salary
2026-02-27 10:41:00,LONG CHAU,-793761,Health
2026-02-27 10:55:00,ZALOPAY,-1266010,Transfer
2026-02-27 18:04:00,NETFLIX,-1550630,Entertainment
2026-02-27 18:48:00,HIGHLANDS COFFEE,-1611850,Food & Dining
2026-02-27 22:59:00,TIKI,-1907348,Shopping
2026-02-28 07:08:00,ZALOPAY,-426147,Transfer
2026-02-28 07:22:00,RUT TIEN ATM,-1216332,Transfer
2026-02-28 10:17:00,HIGHLANDS COFFEE,-412638,Food & Dining
2026-02-28 11:49:00,FAMILY MART,-1186498,Shopping
2026-02-28 12:33:00,BENH VIEN,-1851884,Health
2026-02-28 12:42:00,SALARY,25035905,Salary
2026-02-28 12:52:00,NHA KHOA,-1958094,Health
2026-03-01 09:41:00,VIETTEL,-455850,Utilities
2026-03-01 11:33:00,VNPT INTERNET,-54270,Utilities
2026-03-01 13:14:00,BENH VIEN 9334,-1933220,Health
2026-03-01 15:23:00,ZALOPAY,-986992,Transfer
2026-03-01 16:00:00,NETFLIX,-1408711,Entertainment
2026-03-01 16:50:00,BEE 1037,-445705,Transport
2026-03-02 07:49:00,VIETTEL,-463711,Utilities
2026-03-02 16:18:00,NHA KHOA 6011,-612367,Health
2026-03-02 17:13:00,SPOTIFY,-1567793,Entertainment
2026-03-02 17:32:00,TRA LUONG THANG,14539536,Salary
2026-03-02 18:26:00,TIKI,-1260112,Shopping
2026-03-02 18:32:00,H&M,-1999617,Shopping
2026-03-02 19:23:00,VETC,-162104,Transport
2026-03-03 08:15:00,SALARY,23784447,Salary
2026-03-03 13:17:00,LAZADA 2436,-598995,Shopping
2026-03-03 13:59:00,NETFLIX,-832141,Entertainment
2026-03-03 19:14:00,THANH TOAN TIEN DIEN,-1517966,Utilities
2026-03-03 22:18:00,NETFLIX,-36756,Entertainment
2026-03-04 11:56:00,NAP TIEN MOMO,-1729068,Transfer
2026-03-04 12:14:00,THUONG QUY,13220301,Salary
2026-03-04 14:05:00,STEAM,-642266,Entertainment
2026-03-04 19:56:00,NAP TIEN MOMO,-402420,Transfer
2026-03-05 08:39:00,TIEN NUOC WACO,-676368,Utilities
2026-03-05 16:33:00,SHOPEE VN 1598,-1276278,Shopping
2026-03-05 16:33:00,NETFLIX,-807245,Entertainment
2026-03-05 17:44:00,CIRCLE K,-476235,Shopping
2026-03-05 22:18:00,THANH TOAN TIEN DIEN,-291394,Utilities
2026-03-06 07:11:00,CHUYEN KHOAN,-1161376,Transfer
2026-03-06 08:49:00,SALARY,12980857,Salary
2026-03-06 11:19:00,SALARY,21614527,Salary
2026-03-06 16:06:00,GS25,-916987,Shopping
2026-03-06 19:03:00,FPT TELECOM,-1292692,Utilities
2026-03-06 22:17:00,GRABCAR 3960,-815296,Transport
2026-03-07 09:03:00,VIETTEL,-154739,Utilities
2026-03-07 09:52:00,CTY THANH TOAN LƯƠNG,26112728,Salary
2026-03-07 12:42:00,LAZADA,-1202176,Shopping
2026-03-07 13:55:00,COM TAM,-1269978,Food & Dining
2026-03-07 20:29:00,SHOPEEFOOD,-1636501,Food & Dining
2026-03-08 12:14:00,CHUYEN KHOAN,-635854,Transfer
2026-03-08 16:47:00,XANH SM,-325609,Transport
2026-03-08 16:50:00,SHOPEEFOOD,-552542,Food & Dining
2026-03-08 20:05:00,NHA KHOA,-1636608,Health
2026-03-08 20:57:00,KFC,-122780,Food & Dining
2026-03-09 10:01:00,GRABFOOD,-212526,Food & Dining
2026-03-10 07:58:00,VIETTEL,-1829429,Utilities
2026-03-10 13:14:00,GRABCAR,-1135510,Transport
2026-03-10 13:18:00,TIEN NUOC WACO,-1706541,Utilities
2026-03-10 13:57:00,PETROLIMEX,-1101774,Transport
2026-03-10 14:55:00,BEE,-704088,Transport
2026-03-10 15:59:00,CTY THANH TOAN LƯƠNG,20241525,Salary
2026-03-10 18:12:00,NHA HANG,-1634669,Food & Dining
2026-03-10 18:45:00,GRABCAR,-389589,Transport
2026-03-10 20:42:00,VEXERE,-994321,Transport
2026-03-10 21:09:00,GS25,-848541,Shopping
2026-03-11 09:52:00,ZALOPAY,-1880353,Transfer
2026-03-11 13:18:00,Lotteria,-1978434,Food & Dining
2026-03-11 14:27:00,TIKTOK,-1134285,Entertainment
2026-03-11 15:35:00,NETFLIX,-965548,Entertainment
2026-03-11 16:30:00,VIETTEL,-1800691,Utilities
2026-03-11 22:39:00,COMECO,-1119017,Transport
2026-03-12 11:04:00,CIRCLE K 8265,-1807148,Shopping
2026-03-12 14:07:00,NETFLIX,-1892856,Entertainment
2026-03-12 18:06:00,FPT TELECOM 7230,-920540,Utilities
2026-03-13 07:07:00,SALARY,18009064,Salary
2026-03-13 07:20:00,VNPT INTERNET,-1581294,Utilities
2026-03-13 14:58:00,PHARMACITY,-923372,Health
2026-03-13 15:04:00,VINMART,-317124,Shopping
2026-03-13 15:44:00,NETFLIX 7131,-1837168,Entertainment
2026-03-13 16:16:00,NHA KHOA,-1276159,Health
2026-03-13 18:08:00,VEXERE,-1252076,Transport
2026-03-13 22:25:00,BENH VIEN,-1603994,Health
2026-03-14 09:55:00,NETFLIX,-822632,Entertainment
2026-03-14 17:15:00,CTY THANH TOAN LƯƠNG,14307760,Salary
2026-03-14 19:12:00,RUT TIEN ATM,-105809,Transfer
2026-03-14 21:02:00,THUONG QUY,23832635,Salary
2026-03-14 21:18:00,CGV CINEMAS,-1609766,Entertainment
2026-03-15 14:36:00,GALAXY CINEMA,-1248667,Entertainment
2026-03-15 16:25:00,VINMART,-1949466,Shopping
2026-03-15 20:35:00,TRA LUONG THANG,24326277,Salary
2026-03-15 21:34:00,VIETTEL,-1346692,Utilities
2026-03-15 22:35:00,HIGHLANDS COFFEE,-74658,Food & Dining
2026-03-15 22:44:00,CIRCLE K 7778,-1921508,Shopping
2026-03-16 07:52:00,THANH TOAN TIEN DIEN,-1436057,Utilities
2026-03-16 14:24:00,TIKTOK,-209112,Entertainment
2026-03-16 16:07:00,CTY THANH TOAN LƯƠNG,17690697,Salary
2026-03-16 17:48:00,STARBUCKS,-665126,Food & Dining
2026-03-16 21:41:00,VNPT INTERNET,-1250012,Utilities
2026-03-16 21:46:00,STARBUCKS,-770272,Food & Dining
2026-03-17 07:47:00,CHUYEN KHOAN,-376738,Transfer
2026-03-17 08:00:00,CIRCLE K,-1769712,Shopping
2026-03-17 13:18:00,LAZADA,-1330612,Shopping
2026-03-17 13:51:00,VEXERE,-1632999,Transport
2026-03-17 14:03:00,MBBANK TRANSFER,-1770308,Transfer
2026-03-17 14:39:00,LONG CHAU,-810287,Health
2026-03-17 17:32:00,SHOPEEFOOD,-250504,Food & Dining
2026-03-18 08:25:00,NETFLIX,-786811,Entertainment
2026-03-18 14:48:00,SPOTIFY,-503224,Entertainment
2026-03-18 17:11:00,GALAXY CINEMA,-248658,Entertainment
2026-03-18 20:49:00,TRA LUONG THANG,21073729,Salary
2026-03-18 22:34:00,STEAM,-23453,Entertainment
2026-03-19 11:23:00,RUT TIEN ATM 3805,-730169,Transfer
2026-03-19 15:00:00,NHA KHOA,-116501,Health
2026-03-19 18:29:00,THUONG QUY,29549794,Salary
2026-03-20 08:06:00,MOBIFONE 9904,-1791601,Utilities
2026-03-20 11:20:00,GALAXY CINEMA,-532884,Entertainment
2026-03-20 13:18:00,LAZADA,-124310,Shopping
2026-03-20 17:20:00,CTY THANH TOAN LƯƠNG,24614106,Salary
2026-03-21 12:58:00,GRABCAR,-528482,Transport
2026-03-21 14:39:00,CTY THANH TOAN LƯƠNG,14942643,Salary
2026-03-21 16:38:00,GRABBIKE,-1435533,Transport
2026-03-21 17:57:00,CHUYEN TIEN CHO,-1020728,Transfer
2026-03-21 20:33:00,THUONG QUY,21945571,Salary
2026-03-21 22:36:00,MOBIFONE 6350,-38373,Utilities
2026-03-22 12:18:00,SHOPEE VN,-1756708,Shopping
2026-03-22 13:07:00,NETFLIX,-962652,Entertainment
2026-03-22 18:43:00,TRA LUONG THANG,25242769,Salary
2026-03-22 22:39:00,ZALOPAY,-216619,Transfer
2026-03-22 22:54:00,GALAXY CINEMA,-1055722,Entertainment
2026-03-23 08:07:00,COMECO 6251,-1976150,Transport
2026-03-23 16:33:00,ZARA 1933,-567692,Shopping
2026-03-23 19:25:00,GALAXY CINEMA,-1516640,Entertainment
2026-03-23 21:48:00,TIEN NUOC WACO,-371514,Utilities
2026-03-24 07:02:00,COM TAM,-1299504,Food & Dining
2026-03-24 09:30:00,TIKTOK,-773474,Entertainment
2026-03-24 12:43:00,TIEN NUOC WACO,-1061711,Utilities
2026-03-24 18:53:00,NHA KHOA,-1412621,Health
2026-03-24 20:37:00,STEAM,-565705,Entertainment
2026-03-25 14:33:00,STEAM,-811116,Entertainment
2026-03-25 16:36:00,ZARA,-304552,Shopping
2026-03-25 17:19:00,THANH TOAN TIEN DIEN,-1461584,Utilities
2026-03-25 18:32:00,TIKI,-998014,Shopping
2026-03-26 11:14:00,LONG CHAU,-1461397,Health
2026-03-26 16:29:00,THANH TOAN TIEN DIEN 8061,-1577524,Utilities
2026-03-26 17:06:00,VEXERE,-1525121,Transport
2026-03-26 20:39:00,ZALOPAY,-1023440,Transfer
2026-03-26 21:21:00,BENH VIEN 9517,-1573535,Health
2026-03-27 12:26:00,ZALOPAY,-753230,Transfer
2026-03-27 14:01:00,LAZADA,-1902318,Shopping
2026-03-27 14:34:00,RUT TIEN ATM,-1576926,Transfer
2026-03-27 15:17:00,VNPT INTERNET,-1913198,Utilities
2026-03-27 16:55:00,BENH VIEN 4296,-911261,Health
2026-03-27 20:09:00,RUT TIEN ATM,-1951667,Transfer
2026-03-27 21:16:00,LONG CHAU,-196850,Health
2026-03-28 07:36:00,SALARY,24733647,Salary
2026-03-28 10:38:00,MOBIFONE 9715,-877146,Utilities
2026-03-28 15:10:00,SHOPEE VN,-330182,Shopping
2026-03-28 16:29:00,PHARMACITY,-135841,Health
2026-03-29 11:39:00,NHA KHOA,-926217,Health
2026-03-29 14:16:00,ZALOPAY,-41356,Transfer
2026-03-30 09:49:00,VEXERE,-776232,Transport
2026-03-30 11:44:00,SALARY,13278525,Salary
2026-03-30 13:15:00,HIGHLANDS COFFEE,-282598,Food & Dining
2026-03-30 15:33:00,BEE,-1065272,Transport
2026-03-30 15:41:00,CGV CINEMAS,-416534,Entertainment
2026-03-30 16:57:00,FAMILY MART,-1742529,Shopping
2026-03-30 20:02:00,THANH TOAN TIEN DIEN,-1187651,Utilities
2026-03-31 12:28:00,GRABCAR,-687393,Transport
2026-03-31 15:19:00,VNPT INTERNET,-491210,Utilities
2026-03-31 15:26:00,LAZADA 9688,-140945,Shopping
2026-03-31 17:16:00,VNPT INTERNET,-953347,Utilities
2026-03-31 18:22:00,BENH VIEN,-931370,Health
2026-03-31 20:16:00,GRABFOOD,-1785234,Food & Dining
2026-04-01 07:30:00,KFC,-1611700,Food & Dining
2026-04-01 09:08:00,NAP TIEN MOMO,-1930053,Transfer
2026-04-01 16:08:00,VINMART,-1870081,Shopping
2026-04-01 16:22:00,SALARY,21993638,Salary
2026-04-01 19:37:00,NHA KHOA,-1755212,Health
2026-04-02 11:09:00,H&M,-1973252,Shopping
2026-04-02 12:15:00,COMECO,-466162,Transport
2026-04-02 19:08:00,MOBIFONE,-1772427,Utilities
2026-04-03 17:52:00,SALARY,26177072,Salary
2026-04-03 19:11:00,GRABCAR,-776873,Transport
2026-04-03 22:48:00,KFC,-1822169,Food & Dining
2026-04-03 22:52:00,BENH VIEN,-355402,Health
2026-04-04 08:00:00,PHARMACITY,-1786718,Health
2026-04-04 18:28:00,PETROLIMEX,-1491304,Transport
2026-04-05 10:25:00,NHA KHOA,-445463,Health
2026-04-05 11:16:00,CHUYEN KHOAN,-1573457,Transfer
2026-04-05 16:40:00,GRABCAR,-1816589,Transport
2026-04-05 17:36:00,CTY THANH TOAN LƯƠNG,29092210,Salary
2026-04-05 18:56:00,ZALOPAY,-1330441,Transfer
2026-04-05 21:04:00,VNPT INTERNET,-642959,Utilities
2026-04-06 08:19:00,CGV CINEMAS,-1061070,Entertainment
2026-04-06 11:59:00,TIKI,-513838,Shopping
2026-04-06 18:45:00,TIEN NUOC WACO,-99664,Utilities
2026-04-07 07:28:00,VINMART,-730322,Shopping
2026-04-07 07:35:00,ZARA,-720854,Shopping
2026-04-07 17:21:00,GS25,-509421,Shopping
2026-04-07 20:47:00,MOBIFONE,-391824,Utilities
2026-04-07 21:47:00,STARBUCKS,-600007,Food & Dining
2026-04-07 22:39:00,FAMILY MART 5567,-1307812,Shopping
2026-04-07 22:46:00,STEAM,-1177154,Entertainment
2026-04-08 09:26:00,FPT TELECOM,-443469,Utilities
2026-04-08 11:47:00,GALAXY CINEMA,-1205757,Entertainment
2026-04-08 12:21:00,LAZADA,-736487,Shopping
2026-04-08 15:25:00,PHARMACITY,-1686253,Health
2026-04-08 17:41:00,STEAM,-857227,Entertainment
2026-04-08 18:04:00,NAP TIEN MOMO,-1058375,Transfer
2026-04-08 19:05:00,TRA LUONG THANG,21230204,Salary
2026-04-09 09:59:00,KFC,-1075406,Food & Dining
2026-04-09 11:21:00,VINMART,-1217445,Shopping
2026-04-09 14:22:00,GALAXY CINEMA,-1285949,Entertainment
2026-04-09 18:03:00,TIKTOK,-755852,Entertainment
2026-04-09 18:50:00,LONG CHAU 9515,-383795,Health
2026-04-09 20:57:00,TRA LUONG THANG,13978056,Salary
2026-04-10 08:55:00,KFC,-1933000,Food & Dining
2026-04-10 11:01:00,CHUYEN TIEN CHO,-793554,Transfer
2026-04-10 12:02:00,VINMART,-1902996,Shopping
2026-04-10 12:14:00,STEAM,-1863205,Entertainment
2026-04-10 13:46:00,NHA KHOA,-1099874,Health
2026-04-10 15:04:00,SALARY,12137051,Salary
2026-04-10 20:39:00,ZARA,-1060720,Shopping
2026-04-10 22:22:00,COMECO,-357261,Transport
2026-04-11 14:02:00,CTY THANH TOAN LƯƠNG,28736467,Salary
2026-04-11 16:30:00,STEAM,-810201,Entertainment
2026-04-11 19:53:00,VETC,-838014,Transport
2026-04-12 07:20:00,NHA KHOA,-1508328,Health
2026-04-12 07:23:00,VIETTEL,-86368,Utilities
2026-04-12 10:30:00,VNPT INTERNET 6953,-679773,Utilities
2026-04-12 17:23:00,BENH VIEN,-695984,Health
2026-04-12 19:39:00,GS25 9492,-717597,Shopping
2026-04-12 20:03:00,CHUYEN KHOAN,-103001,Transfer
2026-04-12 20:26:00,TIKTOK,-646536,Entertainment
2026-04-12 20:37:00,COM TAM,-121194,Food & Dining
2026-04-12 21:44:00,TRA LUONG THANG,19201162,Salary
2026-04-13 08:02:00,LONG CHAU,-458700,Health
2026-04-13 09:23:00,GRABBIKE,-1809626,Transport
2026-04-13 12:36:00,VETC,-823140,Transport
2026-04-14 08:17:00,COM TAM 6313,-280500,Food & Dining
2026-04-14 09:21:00,PHARMACITY,-1412580,Health
2026-04-14 09:36:00,MBBANK TRANSFER,-479335,Transfer
2026-04-14 13:44:00,KFC,-749902,Food & Dining
2026-04-14 18:00:00,CHUYEN KHOAN,-962098,Transfer
2026-04-14 18:51:00,VIETTEL,-1357598,Utilities
2026-04-14 19:18:00,GALAXY CINEMA,-880852,Entertainment
2026-04-14 22:35:00,GRABFOOD,-1477627,Food & Dining
2026-04-15 07:42:00,NAP TIEN MOMO,-1877402,Transfer
2026-04-15 17:24:00,CTY THANH TOAN LƯƠNG,18328618,Salary
2026-04-15 20:09:00,TRA LUONG THANG 3752,24106357,Salary
2026-04-15 20:39:00,SALARY,23461704,Salary
2026-04-16 08:23:00,THANH TOAN TIEN DIEN,-809728,Utilities
2026-04-16 10:57:00,LONG CHAU,-1895295,Health
2026-04-16 13:27:00,VEXERE,-1764956,Transport
2026-04-16 13:37:00,BEE,-1697295,Transport
2026-04-16 18:16:00,COMECO 8031,-684374,Transport
2026-04-16 19:06:00,CTY THANH TOAN LƯƠNG,29177438,Salary
2026-04-17 11:35:00,VIETTEL,-1941577,Utilities
2026-04-17 14:33:00,PETROLIMEX,-813202,Transport
2026-04-17 16:57:00,BEE,-266874,Transport
2026-04-17 18:59:00,VINMART,-715469,Shopping
2026-04-17 19:20:00,KFC,-753404,Food & Dining
2026-04-17 20:38:00,GS25,-352790,Shopping
2026-04-18 07:09:00,CHUYEN KHOAN 7831,-1888599,Transfer
2026-04-18 07:35:00,LONG CHAU,-1944791,Health
2026-04-18 16:54:00,CIRCLE K,-1428092,Shopping
2026-04-18 21:29:00,CGV CINEMAS,-154892,Entertainment
2026-04-19 13:09:00,LONG CHAU,-1566779,Health
2026-04-19 15:54:00,NETFLIX,-1534088,Entertainment
2026-04-19 17:57:00,TRA LUONG THANG,12777902,Salary
2026-04-19 18:03:00,TRA LUONG THANG,28541677,Salary
2026-04-19 20:27:00,PETROLIMEX,-601346,Transport
2026-04-20 09:44:00,SPOTIFY,-1308711,Entertainment
2026-04-20 10:19:00,TIKTOK 8539,-510596,Entertainment
2026-04-20 13:02:00,SPOTIFY,-1488756,Entertainment
2026-04-20 15:27:00,LONG CHAU,-1549505,Health
2026-04-20 21:07:00,MOBIFONE,-1552190,Utilities
2026-04-20 21:58:00,ZARA,-103701,Shopping
2026-04-20 22:57:00,NHA KHOA,-1802142,Health
2026-04-21 09:03:00,BEE,-435604,Transport
2026-04-21 13:05:00,GALAXY CINEMA,-1460144,Entertainment
2026-04-21 13:17:00,LONG CHAU,-1907191,Health
2026-04-21 14:59:00,VIETTEL,-569135,Utilities
2026-04-21 19:25:00,SALARY,28049712,Salary
2026-04-21 19:57:00,TRA LUONG THANG,25285342,Salary
2026-04-22 10:06:00,H&M,-100925,Shopping
2026-04-22 12:17:00,MOBIFONE,-674842,Utilities
2026-04-22 17:04:00,PHUC LONG,-758427,Food & Dining
2026-04-22 18:38:00,THANH TOAN TIEN DIEN,-57575,Utilities
2026-04-22 18:57:00,RUT TIEN ATM,-1607189,Transfer
2026-04-22 22:46:00,FPT TELECOM,-599414,Utilities
2026-04-23 09:37:00,PHARMACITY,-85822,Health
2026-04-23 10:29:00,NETFLIX,-1438845,Entertainment
2026-04-23 14:08:00,VIETTEL,-401132,Utilities
2026-04-23 18:28:00,PHARMACITY,-1276803,Health
2026-04-23 20:19:00,MBBANK TRANSFER,-703900,Transfer
2026-04-24 10:31:00,MOBIFONE,-1973240,Utilities
2026-04-24 12:06:00,SHOPEE VN,-1073916,Shopping
2026-04-24 13:04:00,GALAXY CINEMA,-595463,Entertainment
2026-04-24 19:25:00,THANH TOAN TIEN DIEN,-1131256,Utilities
2026-04-24 21:26:00,COMECO,-58239,Transport
2026-04-24 22:54:00,NHA HANG,-144521,Food & Dining
2026-04-25 07:18:00,VETC,-1160708,Transport
2026-04-25 07:30:00,CGV CINEMAS,-94271,Entertainment
2026-04-25 12:08:00,FAMILY MART,-1928235,Shopping
2026-04-26 09:03:00,TRA LUONG THANG,15367466,Salary
2026-04-26 09:55:00,CTY THANH TOAN LƯƠNG,28215718,Salary
2026-04-26 11:23:00,THUONG QUY,19479425,Salary
2026-04-26 13:30:00,NHA KHOA,-125170,Health
2026-04-26 17:44:00,LONG CHAU,-829792,Health
2026-04-26 18:12:00,NHA KHOA,-682974,Health
2026-04-26 19:13:00,CHUYEN TIEN CHO,-728153,Transfer
2026-04-26 22:05:00,SPOTIFY,-626719,Entertainment
2026-04-27 09:14:00,Lotteria,-33071,Food & Dining
2026-04-27 11:16:00,CHUYEN KHOAN,-1992038,Transfer
2026-04-27 12:18:00,THUONG QUY,15127295,Salary
2026-04-27 14:54:00,NETFLIX,-1909690,Entertainment
2026-04-27 17:00:00,TIKTOK,-1974587,Entertainment
2026-04-27 19:18:00,GS25,-1055499,Shopping
2026-04-27 21:38:00,COM TAM,-1711522,Food & Dining
2026-04-28 13:00:00,XANH SM,-687692,Transport
2026-04-28 14:44:00,TIKI,-522541,Shopping
2026-04-28 16:58:00,LONG CHAU,-1364722,Health
2026-04-28 18:01:00,BENH VIEN,-1505314,Health
2026-04-28 21:09:00,SPOTIFY 5824,-787458,Entertainment
2026-04-29 08:21:00,NETFLIX,-830282,Entertainment
2026-04-29 09:13:00,BENH VIEN,-674226,Health
2026-04-29 13:22:00,CTY THANH TOAN LƯƠNG,10040918,Salary
2026-04-29 15:09:00,NHA KHOA,-1434276,Health
2026-04-29 19:58:00,RUT TIEN ATM,-1583281,Transfer
2026-04-29 21:20:00,CTY THANH TOAN LƯƠNG,24288068,Salary
2026-04-30 07:44:00,CIRCLE K,-942592,Shopping
2026-04-30 08:57:00,THUONG QUY,24056458,Salary
2026-04-30 10:25:00,TIEN NUOC WACO,-1836104,Utilities
2026-04-30 10:43:00,CTY THANH TOAN LƯƠNG 8476,14786693,Salary
2026-04-30 12:30:00,TIEN NUOC WACO,-47204,Utilities
2026-04-30 15:26:00,GRABBIKE,-797795,Transport
2026-04-30 16:30:00,MOBIFONE,-1875491,Utilities
2026-04-30 19:26:00,BENH VIEN,-1200312,Health
2026-04-30 21:42:00,KFC,-1894693,Food & Dining
2026-05-01 08:26:00,CGV CINEMAS,-1686514,Entertainment
2026-05-01 09:05:00,BENH VIEN,-875853,Health
2026-05-01 11:38:00,BENH VIEN,-811514,Health
2026-05-01 14:30:00,MBBANK TRANSFER,-743067,Transfer
2026-05-01 16:39:00,FAMILY MART,-1791557,Shopping
2026-05-01 16:42:00,H&M,-1474519,Shopping
2026-05-01 18:12:00,H&M 7969,-698014,Shopping
2026-05-01 19:59:00,CGV CINEMAS,-1555874,Entertainment
2026-05-01 21:32:00,ZALOPAY,-1928841,Transfer
2026-05-01 21:44:00,BENH VIEN,-145089,Health
2026-05-01 22:58:00,CTY THANH TOAN LƯƠNG,11673284,Salary
2026-05-02 09:49:00,MBBANK TRANSFER,-1016722,Transfer
2026-05-02 14:43:00,CHUYEN KHOAN 2971,-74773,Transfer
2026-05-02 21:20:00,NAP TIEN MOMO,-1317526,Transfer
2026-05-02 22:14:00,BENH VIEN,-1423281,Health
2026-05-02 22:21:00,ZALOPAY,-1914418,Transfer
2026-05-03 07:17:00,NHA KHOA,-455450,Health
2026-05-03 10:31:00,CHUYEN KHOAN,-1169809,Transfer
2026-05-03 10:51:00,KFC,-1860594,Food & Dining
2026-05-03 13:02:00,NHA KHOA,-487006,Health
2026-05-03 18:11:00,GALAXY CINEMA,-1473709,Entertainment
2026-05-03 22:13:00,SPOTIFY,-474419,Entertainment
2026-05-04 07:44:00,STEAM,-1346850,Entertainment
2026-05-04 12:09:00,VETC,-577267,Transport
2026-05-04 12:30:00,MBBANK TRANSFER,-482054,Transfer
2026-05-04 12:43:00,VINMART,-1736692,Shopping
2026-05-04 12:58:00,THANH TOAN TIEN DIEN,-576021,Utilities
2026-05-04 15:44:00,STARBUCKS,-1436800,Food & Dining
2026-05-04 16:07:00,NETFLIX,-1250906,Entertainment
2026-05-04 22:24:00,VETC,-727971,Transport
2026-05-05 08:37:00,CGV CINEMAS,-1651133,Entertainment
2026-05-05 09:18:00,TRA LUONG THANG 3035,27868672,Salary
2026-05-05 11:06:00,PETROLIMEX,-767000,Transport
2026-05-05 14:27:00,NHA HANG,-856549,Food & Dining
2026-05-05 22:04:00,SHOPEEFOOD,-902033,Food & Dining
2026-05-05 22:18:00,NETFLIX,-47438,Entertainment
2026-05-06 07:42:00,VNPT INTERNET,-1954316,Utilities
2026-05-06 10:06:00,PETROLIMEX,-422363,Transport
2026-05-06 16:43:00,MOBIFONE,-290956,Utilities
2026-05-06 22:55:00,NAP TIEN MOMO,-1859411,Transfer
2026-05-06 22:59:00,CHUYEN KHOAN,-305736,Transfer
2026-05-07 12:27:00,GRABCAR,-1062693,Transport
2026-05-07 16:46:00,NHA HANG,-1014997,Food & Dining
2026-05-07 18:22:00,BENH VIEN,-499325,Health
2026-05-07 18:51:00,VETC,-1727643,Transport
2026-05-07 19:17:00,VINMART,-499423,Shopping
2026-05-07 22:55:00,FPT TELECOM,-402976,Utilities
2026-05-08 08:37:00,NHA HANG,-1866830,Food & Dining
2026-05-08 12:03:00,BEE,-1534091,Transport
2026-05-08 13:29:00,CHUYEN TIEN CHO,-703744,Transfer
2026-05-08 15:28:00,NETFLIX,-1484207,Entertainment
2026-05-08 17:10:00,SALARY,22319457,Salary
2026-05-08 18:08:00,VETC,-1885810,Transport
2026-05-08 18:54:00,VEXERE,-261913,Transport
2026-05-09 08:47:00,VETC,-1651364,Transport
2026-05-09 13:22:00,MBBANK TRANSFER,-924851,Transfer
2026-05-09 13:54:00,FPT TELECOM,-1854276,Utilities
2026-05-09 18:31:00,TRA LUONG THANG,28469877,Salary
2026-05-09 22:37:00,BENH VIEN,-1566830,Health
2026-05-10 07:11:00,CHUYEN KHOAN,-1002403,Transfer
2026-05-10 08:09:00,GRABCAR,-701503,Transport
2026-05-10 15:17:00,LONG CHAU,-552015,Health
2026-05-10 18:25:00,MOBIFONE,-506700,Utilities
2026-05-10 22:25:00,NHA HANG,-1451619,Food & Dining
2026-05-11 08:39:00,LONG CHAU,-1535433,Health
2026-05-11 09:00:00,RUT TIEN ATM,-1748037,Transfer
2026-05-11 13:37:00,TIKTOK,-1935023,Entertainment
2026-05-12 08:24:00,VNPT INTERNET,-22432,Utilities
2026-05-12 08:24:00,MBBANK TRANSFER,-287093,Transfer
2026-05-12 11:42:00,STEAM,-29190,Entertainment
2026-05-12 12:53:00,SPOTIFY,-638331,Entertainment
2026-05-12 15:55:00,SHOPEEFOOD 3880,-1194814,Food & Dining
2026-05-12 20:30:00,SPOTIFY,-1881279,Entertainment
2026-05-12 21:15:00,PHARMACITY 7072,-1987227,Health
2026-05-13 07:05:00,FAMILY MART,-1264908,Shopping
2026-05-13 09:10:00,MBBANK TRANSFER,-774883,Transfer
2026-05-13 12:25:00,THUONG QUY 9565,20447170,Salary
2026-05-13 14:04:00,MBBANK TRANSFER 4108,-1853130,Transfer
2026-05-13 15:04:00,STARBUCKS 6820,-999863,Food & Dining
2026-05-13 15:41:00,TIEN NUOC WACO,-932876,Utilities
2026-05-13 15:46:00,RUT TIEN ATM,-852854,Transfer
2026-05-13 17:19:00,TIKI,-1827047,Shopping
2026-05-13 20:25:00,FPT TELECOM,-1132896,Utilities
2026-05-14 10:43:00,THUONG QUY,23519976,Salary
2026-05-14 11:11:00,BEE,-1839519,Transport
2026-05-14 12:19:00,CGV CINEMAS,-1643914,Entertainment
2026-05-14 12:26:00,ZALOPAY,-1600518,Transfer
2026-05-14 20:16:00,KFC,-766339,Food & Dining
2026-05-14 20:32:00,TRA LUONG THANG,23356343,Salary
2026-05-14 20:53:00,TRA LUONG THANG 8061,11293044,Salary
2026-05-15 09:39:00,KFC,-990174,Food & Dining
2026-05-15 11:11:00,SALARY,10936388,Salary
2026-05-15 19:29:00,FAMILY MART,-1904732,Shopping
2026-05-15 19:51:00,VIETTEL,-814747,Utilities
2026-05-16 11:11:00,GRABBIKE,-732957,Transport
2026-05-16 16:18:00,CGV CINEMAS,-1650763,Entertainment
2026-05-16 20:34:00,COMECO,-1736415,Transport
2026-05-16 21:25:00,NETFLIX,-369010,Entertainment
2026-05-17 07:40:00,VINMART 9365,-1747325,Shopping
2026-05-17 07:55:00,TRA LUONG THANG,20221197,Salary
2026-05-17 10:02:00,CHUYEN KHOAN,-912099,Transfer
2026-05-17 14:19:00,NHA KHOA,-258311,Health
2026-05-17 17:01:00,SALARY,11661180,Salary
2026-05-17 18:47:00,BENH VIEN,-1878870,Health
2026-05-17 21:12:00,CHUYEN KHOAN,-1634692,Transfer
2026-05-18 11:04:00,STEAM,-606363,Entertainment
2026-05-18 12:54:00,COM TAM 6023,-889383,Food & Dining
2026-05-18 13:04:00,GS25,-1502945,Shopping
2026-05-18 17:46:00,VIETTEL 7175,-1930682,Utilities
2026-05-18 19:34:00,TRA LUONG THANG,23684542,Salary
2026-05-18 19:36:00,PHARMACITY,-1667723,Health
2026-05-18 20:39:00,ZARA,-666329,Shopping
2026-05-19 12:56:00,NETFLIX,-1085111,Entertainment
2026-05-19 13:18:00,MBBANK TRANSFER,-1472177,Transfer
2026-05-19 15:17:00,PHARMACITY,-1353508,Health
2026-05-19 16:29:00,NETFLIX,-1741960,Entertainment
2026-05-19 17:32:00,VEXERE,-464009,Transport
2026-05-19 18:20:00,PETROLIMEX,-78574,Transport
2026-05-20 09:50:00,CGV CINEMAS,-1691828,Entertainment
2026-05-20 14:40:00,NETFLIX,-244789,Entertainment
2026-05-20 15:46:00,TIKTOK,-1260458,Entertainment
2026-05-20 17:50:00,PHUC LONG,-399292,Food & Dining
2026-05-20 17:51:00,LAZADA,-1620581,Shopping
2026-05-20 19:41:00,VNPT INTERNET,-857738,Utilities
2026-05-21 08:14:00,CGV CINEMAS,-1480124,Entertainment
2026-05-21 12:17:00,TIKTOK,-1717102,Entertainment
2026-05-21 12:30:00,VNPT INTERNET,-1241938,Utilities
2026-05-21 13:51:00,STARBUCKS,-1238038,Food & Dining
2026-05-21 15:34:00,CTY THANH TOAN LƯƠNG,21024899,Salary
2026-05-21 18:32:00,SHOPEE VN 2954,-431241,Shopping
2026-05-21 20:07:00,SHOPEE VN,-1573611,Shopping
2026-05-21 22:53:00,XANH SM,-1837851,Transport
2026-05-22 07:07:00,CHUYEN TIEN CHO,-1812690,Transfer
2026-05-22 14:34:00,SPOTIFY,-1859151,Entertainment
2026-05-22 14:56:00,THANH TOAN TIEN DIEN,-1266950,Utilities
2026-05-22 17:02:00,VNPT INTERNET,-1016076,Utilities
2026-05-22 18:24:00,PETROLIMEX,-574897,Transport
2026-05-22 19:19:00,PHARMACITY,-1781676,Health
2026-05-22 21:17:00,ZARA,-1301479,Shopping
2026-05-22 22:18:00,MOBIFONE,-1302033,Utilities
2026-05-23 08:37:00,BEE 4342,-180419,Transport
2026-05-23 08:37:00,NHA HANG,-1241779,Food & Dining
2026-05-23 09:28:00,BENH VIEN,-1191971,Health
2026-05-24 10:10:00,SHOPEEFOOD,-1788259,Food & Dining
2026-05-24 15:31:00,BENH VIEN 7809,-1050890,Health
2026-05-24 15:34:00,STEAM,-421778,Entertainment
2026-05-24 16:46:00,LAZADA,-1498169,Shopping
2026-05-25 11:22:00,CHUYEN TIEN CHO,-1120231,Transfer
2026-05-25 12:39:00,VIETTEL,-29160,Utilities
2026-05-25 15:40:00,BENH VIEN,-1754626,Health
2026-05-25 16:12:00,XANH SM,-1763289,Transport
2026-05-25 20:54:00,NHA KHOA 9595,-739594,Health
2026-05-25 22:18:00,CHUYEN KHOAN,-1896627,Transfer
2026-05-26 07:41:00,LAZADA,-91173,Shopping
2026-05-26 11:45:00,RUT TIEN ATM,-607386,Transfer
2026-05-26 13:34:00,NETFLIX,-1438343,Entertainment
2026-05-26 17:16:00,PHARMACITY,-1747638,Health
2026-05-26 20:35:00,ZARA,-1486836,Shopping
2026-05-27 10:18:00,RUT TIEN ATM 5596,-1478596,Transfer
2026-05-27 10:42:00,CTY THANH TOAN LƯƠNG,19457616,Salary
2026-05-27 11:16:00,FPT TELECOM,-1440963,Utilities
2026-05-27 16:28:00,CHUYEN KHOAN,-258548,Transfer
2026-05-28 11:11:00,GALAXY CINEMA 4820,-1251137,Entertainment
2026-05-28 15:32:00,THANH TOAN TIEN DIEN,-231494,Utilities
2026-05-28 21:34:00,TIKTOK,-330936,Entertainment
2026-05-29 08:13:00,VETC,-1413812,Transport
2026-05-29 20:48:00,NAP TIEN MOMO,-1350850,Transfer
2026-05-29 22:11:00,VNPT INTERNET,-1040979,Utilities
2026-05-30 09:01:00,FPT TELECOM,-1433716,Utilities
2026-05-30 13:57:00,NHA KHOA,-89297,Health
2026-05-30 14:04:00,BENH VIEN,-1838491,Health
2026-05-30 16:24:00,TIKI,-405304,Shopping
2026-05-30 17:20:00,ZALOPAY,-1665379,Transfer
2026-05-30 20:53:00,NETFLIX,-295835,Entertainment
2026-05-30 21:07:00,COM TAM,-1953709,Food & Dining
2026-05-30 22:07:00,SALARY,26756821,Salary
2026-05-31 10:52:00,BENH VIEN,-308508,Health
2026-05-31 11:35:00,GRABBIKE,-1490507,Transport
2026-05-31 15:11:00,GRABFOOD,-386081,Food & Dining
2026-05-31 22:13:00,ZARA,-1268560,Shopping
2026-06-01 14:45:00,COMECO,-695247,Transport
2026-06-01 17:04:00,ZALOPAY,-1688886,Transfer
2026-06-01 18:34:00,CTY THANH TOAN LƯƠNG,29751767,Salary
2026-06-01 21:17:00,CTY THANH TOAN LƯƠNG,11435258,Salary
2026-06-01 21:32:00,CIRCLE K,-100387,Shopping
2026-06-01 22:18:00,SALARY,14110990,Salary
2026-06-02 07:41:00,CTY THANH TOAN LƯƠNG,28549112,Salary
2026-06-02 11:05:00,LAZADA 1610,-774573,Shopping
2026-06-02 13:13:00,MBBANK TRANSFER,-840052,Transfer
2026-06-02 16:56:00,THUONG QUY,27667417,Salary
2026-06-02 17:23:00,STEAM,-1629362,Entertainment
2026-06-03 08:28:00,STEAM,-1431083,Entertainment
2026-06-03 10:09:00,NETFLIX,-859605,Entertainment
2026-06-03 10:24:00,LONG CHAU,-1269991,Health
2026-06-03 18:58:00,CHUYEN TIEN CHO,-1738653,Transfer
2026-06-03 22:48:00,STARBUCKS,-912056,Food & Dining
2026-06-03 22:54:00,GRABCAR,-639620,Transport
2026-06-04 09:27:00,MOBIFONE,-1466547,Utilities
2026-06-04 12:25:00,PHARMACITY 3689,-734352,Health
2026-06-04 14:55:00,VNPT INTERNET,-1829471,Utilities
2026-06-04 14:56:00,TIEN NUOC WACO,-354772,Utilities
2026-06-04 16:31:00,MOBIFONE,-165238,Utilities
2026-06-04 18:45:00,CTY THANH TOAN LƯƠNG,26804055,Salary
2026-06-04 20:43:00,SHOPEEFOOD,-799344,Food & Dining
2026-06-05 14:52:00,BENH VIEN,-1381326,Health
2026-06-05 15:33:00,SALARY,15376358,Salary
2026-06-05 18:56:00,CHUYEN KHOAN,-1371880,Transfer
2026-06-05 19:06:00,CHUYEN TIEN CHO,-1917296,Transfer
2026-06-05 19:35:00,VIETTEL,-963270,Utilities
2026-06-06 09:57:00,CTY THANH TOAN LƯƠNG,21651043,Salary
2026-06-06 10:19:00,SALARY,25238676,Salary
2026-06-06 14:14:00,NAP TIEN MOMO 6177,-1419562,Transfer
2026-06-06 14:16:00,STEAM,-226043,Entertainment
2026-06-06 19:28:00,CHUYEN KHOAN,-505586,Transfer
2026-06-07 18:44:00,FAMILY MART,-350790,Shopping
2026-06-07 19:35:00,NHA KHOA,-1872353,Health
2026-06-07 19:54:00,THANH TOAN TIEN DIEN,-1674796,Utilities
2026-06-07 20:04:00,CTY THANH TOAN LƯƠNG,24141956,Salary
2026-06-07 20:21:00,CHUYEN KHOAN,-1236557,Transfer
2026-06-07 20:24:00,THANH TOAN TIEN DIEN,-901269,Utilities
2026-06-08 09:21:00,SHOPEEFOOD 2116,-752306,Food & Dining
2026-06-08 12:34:00,NETFLIX,-1077339,Entertainment
2026-06-08 13:04:00,NHA KHOA,-950015,Health
2026-06-08 14:39:00,VNPT INTERNET,-372439,Utilities
2026-06-08 15:19:00,H&M,-1460655,Shopping
2026-06-08 18:16:00,BENH VIEN,-1272658,Health
2026-06-08 18:46:00,CHUYEN KHOAN,-1674048,Transfer
2026-06-08 22:34:00,THANH TOAN TIEN DIEN,-1484582,Utilities
2026-06-09 08:01:00,SALARY,27622161,Salary
2026-06-09 08:16:00,VINMART,-1943121,Shopping
2026-06-09 08:29:00,NHA KHOA,-1674092,Health
2026-06-09 16:12:00,BENH VIEN,-744956,Health
2026-06-10 09:16:00,VINMART,-1234619,Shopping
2026-06-10 10:59:00,MBBANK TRANSFER,-1147790,Transfer
2026-06-10 14:20:00,THUONG QUY 9132,13787325,Salary
2026-06-10 15:52:00,NHA HANG,-1123826,Food & Dining
2026-06-11 07:48:00,VETC 6108,-1712944,Transport
2026-06-11 11:45:00,MBBANK TRANSFER,-950554,Transfer
2026-06-11 14:37:00,RUT TIEN ATM,-1997052,Transfer
2026-06-11 19:37:00,NHA HANG,-341599,Food & Dining
2026-06-12 09:08:00,XANH SM,-537623,Transport
2026-06-12 09:28:00,BEE,-1308862,Transport
2026-06-12 10:43:00,CHUYEN KHOAN,-1834581,Transfer
2026-06-12 12:17:00,SPOTIFY,-821590,Entertainment
2026-06-12 12:29:00,PHARMACITY,-1056931,Health
2026-06-12 12:52:00,TIKI,-1581891,Shopping
2026-06-12 15:48:00,BENH VIEN 1982,-1963730,Health
2026-06-12 22:05:00,THANH TOAN TIEN DIEN,-134922,Utilities
2026-06-13 08:05:00,NAP TIEN MOMO,-1167402,Transfer
2026-06-13 08:18:00,TIKTOK,-1920562,Entertainment
2026-06-13 09:08:00,SPOTIFY,-589515,Entertainment
2026-06-13 20:41:00,CGV CINEMAS,-854232,Entertainment
2026-06-13 22:48:00,COMECO,-592020,Transport
2026-06-14 15:10:00,TIKTOK,-1052958,Entertainment
2026-06-14 16:14:00,VEXERE,-1936365,Transport
2026-06-14 18:49:00,H&M,-257315,Shopping
2026-06-14 21:19:00,BENH VIEN,-1393755,Health
2026-06-14 22:20:00,THUONG QUY,26093943,Salary
2026-06-14 22:50:00,THUONG QUY,25463064,Salary
2026-06-15 07:59:00,GS25,-1606312,Shopping
2026-06-15 08:30:00,CHUYEN KHOAN,-1184902,Transfer
2026-06-15 10:58:00,VEXERE,-1793814,Transport
2026-06-15 12:57:00,GRABFOOD,-575831,Food & Dining
2026-06-15 16:29:00,TIKTOK,-1913088,Entertainment
2026-06-16 07:17:00,SALARY,21113863,Salary
2026-06-16 08:23:00,KFC,-644784,Food & Dining
2026-06-16 09:00:00,VETC,-1412830,Transport
2026-06-16 09:16:00,CHUYEN KHOAN,-589620,Transfer
2026-06-16 10:41:00,TIKTOK,-787004,Entertainment
2026-06-16 21:16:00,XANH SM 6232,-1226391,Transport
2026-06-16 21:56:00,GRABCAR,-1923884,Transport
2026-06-16 22:30:00,KFC,-1103375,Food & Dining
2026-06-16 22:40:00,GS25 7633,-1716790,Shopping
2026-06-16 22:52:00,LONG CHAU,-1683867,Health
2026-06-17 09:25:00,GS25,-1225392,Shopping
2026-06-17 20:56:00,STARBUCKS,-1610700,Food & Dining
2026-06-17 21:39:00,BENH VIEN,-727694,Health
2026-06-17 22:00:00,MOBIFONE,-1149832,Utilities
2026-06-17 22:11:00,CHUYEN KHOAN,-1929271,Transfer
2026-06-18 07:58:00,GS25,-320415,Shopping
2026-06-18 12:18:00,CTY THANH TOAN LƯƠNG,15707526,Salary
2026-06-18 18:13:00,VNPT INTERNET,-1875725,Utilities
2026-06-18 19:50:00,SHOPEEFOOD,-1583211,Food & Dining
2026-06-18 20:11:00,TIKTOK,-1529021,Entertainment
2026-06-18 21:42:00,NHA KHOA,-977831,Health
2026-06-19 08:53:00,COM TAM,-1544544,Food & Dining
2026-06-19 10:28:00,GRABFOOD,-1549961,Food & Dining
2026-06-19 13:11:00,FAMILY MART,-1226556,Shopping
2026-06-19 14:56:00,THUONG QUY,24905702,Salary
2026-06-19 15:13:00,GRABFOOD,-1791994,Food & Dining
2026-06-19 17:28:00,FAMILY MART,-416486,Shopping
2026-06-19 19:25:00,SHOPEEFOOD,-634037,Food & Dining
2026-06-19 19:35:00,MBBANK TRANSFER,-190866,Transfer
2026-06-19 21:19:00,PHUC LONG 1213,-305571,Food & Dining
2026-06-19 22:18:00,BEE,-1919878,Transport
2026-06-21 07:23:00,GALAXY CINEMA 1535,-622336,Entertainment
2026-06-21 10:00:00,TRA LUONG THANG,16866398,Salary
2026-06-21 10:45:00,SPOTIFY,-246333,Entertainment
2026-06-21 16:42:00,CIRCLE K,-627016,Shopping
2026-06-21 20:48:00,CGV CINEMAS,-1424260,Entertainment
2026-06-22 08:42:00,PHARMACITY,-394640,Health
2026-06-22 13:30:00,BENH VIEN,-1643918,Health
2026-06-23 09:11:00,FPT TELECOM,-1459212,Utilities
2026-06-23 09:33:00,SALARY,18875706,Salary
2026-06-23 11:05:00,H&M,-1141111,Shopping
2026-06-23 11:56:00,NETFLIX 7338,-170659,Entertainment
2026-06-23 12:07:00,TRA LUONG THANG,17234607,Salary
2026-06-23 14:09:00,THUONG QUY,25434796,Salary
2026-06-23 15:28:00,GRABBIKE 8297,-1379881,Transport
2026-06-23 17:16:00,LONG CHAU,-1032395,Health
2026-06-23 19:55:00,NHA HANG,-1450020,Food & Dining
2026-06-24 08:19:00,VNPT INTERNET,-849811,Utilities
2026-06-24 09:47:00,GALAXY CINEMA,-1564573,Entertainment
2026-06-24 13:47:00,MOBIFONE,-455239,Utilities
2026-06-24 15:07:00,VIETTEL,-1925008,Utilities
2026-06-24 15:48:00,COMECO,-1732100,Transport
2026-06-24 16:04:00,VIETTEL,-429110,Utilities
2026-06-24 21:41:00,TRA LUONG THANG 8749,27610052,Salary
2026-06-24 21:54:00,FPT TELECOM,-261591,Utilities
2026-06-25 08:32:00,COMECO,-1464612,Transport
2026-06-25 09:25:00,GRABCAR,-217433,Transport
2026-06-25 15:10:00,TIKTOK,-1591755,Entertainment
2026-06-25 16:38:00,TIEN NUOC WACO,-1014308,Utilities
2026-06-25 18:13:00,NAP TIEN MOMO,-1442593,Transfer
2026-06-25 21:30:00,SHOPEEFOOD,-182691,Food & Dining
2026-06-25 22:46:00,MOBIFONE,-1289391,Utilities
2026-06-26 09:20:00,NHA KHOA,-229864,Health
2026-06-26 21:35:00,XANH SM,-431521,Transport
2026-06-27 08:11:00,NETFLIX,-730849,Entertainment
2026-06-27 08:53:00,CTY THANH TOAN LƯƠNG 8239,21969190,Salary
2026-06-27 09:39:00,TIKI,-843480,Shopping
2026-06-27 11:20:00,GRABBIKE,-1012239,Transport
2026-06-27 11:22:00,PHUC LONG,-1266079,Food & Dining
2026-06-27 14:26:00,THUONG QUY,10038248,Salary
2026-06-27 15:22:00,GRABBIKE,-655482,Transport
2026-06-27 17:26:00,PHARMACITY,-174098,Health
2026-06-27 18:31:00,VINMART,-1012057,Shopping
2026-06-27 18:45:00,VNPT INTERNET,-1798624,Utilities
2026-06-27 22:04:00,NHA HANG,-1294858,Food & Dining
2026-06-28 10:20:00,VIETTEL,-986758,Utilities
2026-06-28 11:43:00,BENH VIEN,-1092983,Health
2026-06-28 16:12:00,GRABFOOD,-832741,Food & Dining
2026-06-28 21:06:00,LONG CHAU,-1408020,Health
2026-06-28 22:48:00,NHA KHOA,-670412,Health
2026-06-29 11:24:00,RUT TIEN ATM,-1931733,Transfer
2026-06-29 12:07:00,THANH TOAN TIEN DIEN,-1462093,Utilities
2026-06-29 12:55:00,VIETTEL,-657495,Utilities
2026-06-29 14:13:00,H&M,-413261,Shopping
2026-06-29 14:13:00,TRA LUONG THANG,29990307,Salary
2026-06-29 14:49:00,PETROLIMEX,-1503826,Transport
2026-06-29 19:05:00,VEXERE,-916488,Transport
2026-06-30 13:22:00,NHA HANG,-196801,Food & Dining
